[
  {
    "type": "constructor",
    "inputs": [
      {
        "name": "_nativeToken",
        "type": "address",
        "internalType": "address"
      },
      {
        "name": "_poolManager",
        "type": "address",
        "internalType": "address"
      },
      {
        "name": "_protocolOwner",
        "type": "address",
        "internalType": "address"
      }
    ],
    "stateMutability": "nonpayable"
  },
  {
    "type": "function",
    "name": "cancelOwnershipHandover",
    "inputs": [],
    "outputs": [],
    "stateMutability": "payable"
  },
  {
    "type": "function",
    "name": "closeBidWall",
    "inputs": [
      {
        "name": "_key",
        "type": "tuple",
        "internalType": "struct PoolKey",
        "components": [
          {
            "name": "currency0",
            "type": "address",
            "internalType": "Currency"
          },
          {
            "name": "currency1",
            "type": "address",
            "internalType": "Currency"
          },
          {
            "name": "fee",
            "type": "uint24",
            "internalType": "uint24"
          },
          {
            "name": "tickSpacing",
            "type": "int24",
            "internalType": "int24"
          },
          {
            "name": "hooks",
            "type": "address",
            "internalType": "contract IHooks"
          }
        ]
      }
    ],
    "outputs": [],
    "stateMutability": "nonpayable"
  },
  {
    "type": "function",
    "name": "completeOwnershipHandover",
    "inputs": [
      {
        "name": "pendingOwner",
        "type": "address",
        "internalType": "address"
      }
    ],
    "outputs": [],
    "stateMutability": "payable"
  },
  {
    "type": "function",
    "name": "deposit",
    "inputs": [
      {
        "name": "_poolKey",
        "type": "tuple",
        "internalType": "struct PoolKey",
        "components": [
          {
            "name": "currency0",
            "type": "address",
            "internalType": "Currency"
          },
          {
            "name": "currency1",
            "type": "address",
            "internalType": "Currency"
          },
          {
            "name": "fee",
            "type": "uint24",
            "internalType": "uint24"
          },
          {
            "name": "tickSpacing",
            "type": "int24",
            "internalType": "int24"
          },
          {
            "name": "hooks",
            "type": "address",
            "internalType": "contract IHooks"
          }
        ]
      },
      {
        "name": "_ethSwapAmount",
        "type": "uint256",
        "internalType": "uint256"
      },
      {
        "name": "_currentTick",
        "type": "int24",
        "internalType": "int24"
      },
      {
        "name": "_nativeIsZero",
        "type": "bool",
        "internalType": "bool"
      }
    ],
    "outputs": [],
    "stateMutability": "nonpayable"
  },
  {
    "type": "function",
    "name": "isBidWallEnabled",
    "inputs": [
      {
        "name": "_poolId",
        "type": "bytes32",
        "internalType": "PoolId"
      }
    ],
    "outputs": [
      {
        "name": "",
        "type": "bool",
        "internalType": "bool"
      }
    ],
    "stateMutability": "view"
  },
  {
    "type": "function",
    "name": "nativeToken",
    "inputs": [],
    "outputs": [
      {
        "name": "",
        "type": "address",
        "internalType": "address"
      }
    ],
    "stateMutability": "view"
  },
  {
    "type": "function",
    "name": "owner",
    "inputs": [],
    "outputs": [
      {
        "name": "result",
        "type": "address",
        "internalType": "address"
      }
    ],
    "stateMutability": "view"
  },
  {
    "type": "function",
    "name": "ownershipHandoverExpiresAt",
    "inputs": [
      {
        "name": "pendingOwner",
        "type": "address",
        "internalType": "address"
      }
    ],
    "outputs": [
      {
        "name": "result",
        "type": "uint256",
        "internalType": "uint256"
      }
    ],
    "stateMutability": "view"
  },
  {
    "type": "function",
    "name": "poolInfo",
    "inputs": [
      {
        "name": "_poolId",
        "type": "bytes32",
        "internalType": "PoolId"
      }
    ],
    "outputs": [
      {
        "name": "disabled",
        "type": "bool",
        "internalType": "bool"
      },
      {
        "name": "initialized",
        "type": "bool",
        "internalType": "bool"
      },
      {
        "name": "tickLower",
        "type": "int24",
        "internalType": "int24"
      },
      {
        "name": "tickUpper",
        "type": "int24",
        "internalType": "int24"
      },
      {
        "name": "pendingETHFees",
        "type": "uint256",
        "internalType": "uint256"
      },
      {
        "name": "cumulativeSwapFees",
        "type": "uint256",
        "internalType": "uint256"
      }
    ],
    "stateMutability": "view"
  },
  {
    "type": "function",
    "name": "poolManager",
    "inputs": [],
    "outputs": [
      {
        "name": "",
        "type": "address",
        "internalType": "contract IPoolManager"
      }
    ],
    "stateMutability": "view"
  },
  {
    "type": "function",
    "name": "position",
    "inputs": [
      {
        "name": "_poolId",
        "type": "bytes32",
        "internalType": "PoolId"
      }
    ],
    "outputs": [
      {
        "name": "amount0_",
        "type": "uint256",
        "internalType": "uint256"
      },
      {
        "name": "amount1_",
        "type": "uint256",
        "internalType": "uint256"
      },
      {
        "name": "pendingEth_",
        "type": "uint256",
        "internalType": "uint256"
      }
    ],
    "stateMutability": "view"
  },
  {
    "type": "function",
    "name": "positionManager",
    "inputs": [],
    "outputs": [
      {
        "name": "",
        "type": "address",
        "internalType": "contract PositionManager"
      }
    ],
    "stateMutability": "view"
  },
  {
    "type": "function",
    "name": "renounceOwnership",
    "inputs": [],
    "outputs": [],
    "stateMutability": "payable"
  },
  {
    "type": "function",
    "name": "requestOwnershipHandover",
    "inputs": [],
    "outputs": [],
    "stateMutability": "payable"
  },
  {
    "type": "function",
    "name": "setDisabledState",
    "inputs": [
      {
        "name": "_key",
        "type": "tuple",
        "internalType": "struct PoolKey",
        "components": [
          {
            "name": "currency0",
            "type": "address",
            "internalType": "Currency"
          },
          {
            "name": "currency1",
            "type": "address",
            "internalType": "Currency"
          },
          {
            "name": "fee",
            "type": "uint24",
            "internalType": "uint24"
          },
          {
            "name": "tickSpacing",
            "type": "int24",
            "internalType": "int24"
          },
          {
            "name": "hooks",
            "type": "address",
            "internalType": "contract IHooks"
          }
        ]
      },
      {
        "name": "_disable",
        "type": "bool",
        "internalType": "bool"
      }
    ],
    "outputs": [],
    "stateMutability": "nonpayable"
  },
  {
    "type": "function",
    "name": "setSwapFeeThreshold",
    "inputs": [
      {
        "name": "swapFeeThreshold",
        "type": "uint256",
        "internalType": "uint256"
      }
    ],
    "outputs": [],
    "stateMutability": "nonpayable"
  },
  {
    "type": "function",
    "name": "transferOwnership",
    "inputs": [
      {
        "name": "newOwner",
        "type": "address",
        "internalType": "address"
      }
    ],
    "outputs": [],
    "stateMutability": "payable"
  },
  {
    "type": "event",
    "name": "BidWallClosed",
    "inputs": [
      {
        "name": "_poolId",
        "type": "bytes32",
        "indexed": true,
        "internalType": "PoolId"
      },
      {
        "name": "_recipient",
        "type": "address",
        "indexed": false,
        "internalType": "address"
      },
      {
        "name": "_eth",
        "type": "uint256",
        "indexed": false,
        "internalType": "uint256"
      }
    ],
    "anonymous": false
  },
  {
    "type": "event",
    "name": "BidWallDeposit",
    "inputs": [
      {
        "name": "_poolId",
        "type": "bytes32",
        "indexed": true,
        "internalType": "PoolId"
      },
      {
        "name": "_added",
        "type": "uint256",
        "indexed": false,
        "internalType": "uint256"
      },
      {
        "name": "_pending",
        "type": "uint256",
        "indexed": false,
        "internalType": "uint256"
      }
    ],
    "anonymous": false
  },
  {
    "type": "event",
    "name": "BidWallDisabledStateUpdated",
    "inputs": [
      {
        "name": "_poolId",
        "type": "bytes32",
        "indexed": true,
        "internalType": "PoolId"
      },
      {
        "name": "_disabled",
        "type": "bool",
        "indexed": false,
        "internalType": "bool"
      }
    ],
    "anonymous": false
  },
  {
    "type": "event",
    "name": "BidWallInitialized",
    "inputs": [
      {
        "name": "_poolId",
        "type": "bytes32",
        "indexed": true,
        "internalType": "PoolId"
      },
      {
        "name": "_eth",
        "type": "uint256",
        "indexed": false,
        "internalType": "uint256"
      },
      {
        "name": "_tickLower",
        "type": "int24",
        "indexed": false,
        "internalType": "int24"
      },
      {
        "name": "_tickUpper",
        "type": "int24",
        "indexed": false,
        "internalType": "int24"
      }
    ],
    "anonymous": false
  },
  {
    "type": "event",
    "name": "BidWallRepositioned",
    "inputs": [
      {
        "name": "_poolId",
        "type": "bytes32",
        "indexed": true,
        "internalType": "PoolId"
      },
      {
        "name": "_eth",
        "type": "uint256",
        "indexed": false,
        "internalType": "uint256"
      },
      {
        "name": "_tickLower",
        "type": "int24",
        "indexed": false,
        "internalType": "int24"
      },
      {
        "name": "_tickUpper",
        "type": "int24",
        "indexed": false,
        "internalType": "int24"
      }
    ],
    "anonymous": false
  },
  {
    "type": "event",
    "name": "BidWallRewardsTransferred",
    "inputs": [
      {
        "name": "_poolId",
        "type": "bytes32",
        "indexed": true,
        "internalType": "PoolId"
      },
      {
        "name": "_recipient",
        "type": "address",
        "indexed": false,
        "internalType": "address"
      },
      {
        "name": "_tokens",
        "type": "uint256",
        "indexed": false,
        "internalType": "uint256"
      }
    ],
    "anonymous": false
  },
  {
    "type": "event",
    "name": "FixedSwapFeeThresholdUpdated",
    "inputs": [
      {
        "name": "_newSwapFeeThreshold",
        "type": "uint256",
        "indexed": false,
        "internalType": "uint256"
      }
    ],
    "anonymous": false
  },
  {
    "type": "event",
    "name": "OwnershipHandoverCanceled",
    "inputs": [
      {
        "name": "pendingOwner",
        "type": "address",
        "indexed": true,
        "internalType": "address"
      }
    ],
    "anonymous": false
  },
  {
    "type": "event",
    "name": "OwnershipHandoverRequested",
    "inputs": [
      {
        "name": "pendingOwner",
        "type": "address",
        "indexed": true,
        "internalType": "address"
      }
    ],
    "anonymous": false
  },
  {
    "type": "event",
    "name": "OwnershipTransferred",
    "inputs": [
      {
        "name": "oldOwner",
        "type": "address",
        "indexed": true,
        "internalType": "address"
      },
      {
        "name": "newOwner",
        "type": "address",
        "indexed": true,
        "internalType": "address"
      }
    ],
    "anonymous": false
  },
  {
    "type": "error",
    "name": "AlreadyInitialized",
    "inputs": []
  },
  {
    "type": "error",
    "name": "CallerIsNotCreator",
    "inputs": []
  },
  {
    "type": "error",
    "name": "NewOwnerIsZeroAddress",
    "inputs": []
  },
  {
    "type": "error",
    "name": "NoHandoverRequest",
    "inputs": []
  },
  {
    "type": "error",
    "name": "NotPositionManager",
    "inputs": []
  },
  {
    "type": "error",
    "name": "Unauthorized",
    "inputs": []
  }
]
