[
  {
    "type": "receive",
    "stateMutability": "payable"
  },
  {
    "type": "function",
    "name": "MAX_PROTOCOL_ALLOCATION",
    "inputs": [],
    "outputs": [
      {
        "name": "",
        "type": "uint24",
        "internalType": "uint24"
      }
    ],
    "stateMutability": "view"
  },
  {
    "type": "function",
    "name": "balances",
    "inputs": [
      {
        "name": "_recipient",
        "type": "address",
        "internalType": "address"
      }
    ],
    "outputs": [
      {
        "name": "_amount",
        "type": "uint256",
        "internalType": "uint256"
      }
    ],
    "stateMutability": "view"
  },
  {
    "type": "function",
    "name": "cancelOwnershipHandover",
    "inputs": [],
    "outputs": [],
    "stateMutability": "payable"
  },
  {
    "type": "function",
    "name": "completeOwnershipHandover",
    "inputs": [
      {
        "name": "pendingOwner",
        "type": "address",
        "internalType": "address"
      }
    ],
    "outputs": [],
    "stateMutability": "payable"
  },
  {
    "type": "function",
    "name": "fairLaunchFeeCalculator",
    "inputs": [],
    "outputs": [
      {
        "name": "",
        "type": "address",
        "internalType": "contract IFeeCalculator"
      }
    ],
    "stateMutability": "view"
  },
  {
    "type": "function",
    "name": "feeCalculator",
    "inputs": [],
    "outputs": [
      {
        "name": "",
        "type": "address",
        "internalType": "contract IFeeCalculator"
      }
    ],
    "stateMutability": "view"
  },
  {
    "type": "function",
    "name": "feeSplit",
    "inputs": [
      {
        "name": "_poolId",
        "type": "bytes32",
        "internalType": "PoolId"
      },
      {
        "name": "_amount",
        "type": "uint256",
        "internalType": "uint256"
      }
    ],
    "outputs": [
      {
        "name": "bidWall_",
        "type": "uint256",
        "internalType": "uint256"
      },
      {
        "name": "creator_",
        "type": "uint256",
        "internalType": "uint256"
      },
      {
        "name": "protocol_",
        "type": "uint256",
        "internalType": "uint256"
      }
    ],
    "stateMutability": "view"
  },
  {
    "type": "function",
    "name": "flayGovernance",
    "inputs": [],
    "outputs": [
      {
        "name": "",
        "type": "address",
        "internalType": "address"
      }
    ],
    "stateMutability": "view"
  },
  {
    "type": "function",
    "name": "getFeeCalculator",
    "inputs": [
      {
        "name": "_isFairLaunch",
        "type": "bool",
        "internalType": "bool"
      }
    ],
    "outputs": [
      {
        "name": "",
        "type": "address",
        "internalType": "contract IFeeCalculator"
      }
    ],
    "stateMutability": "view"
  },
  {
    "type": "function",
    "name": "getPoolFeeDistribution",
    "inputs": [
      {
        "name": "_poolId",
        "type": "bytes32",
        "internalType": "PoolId"
      }
    ],
    "outputs": [
      {
        "name": "feeDistribution_",
        "type": "tuple",
        "internalType": "struct FeeDistributor.FeeDistribution",
        "components": [
          {
            "name": "swapFee",
            "type": "uint24",
            "internalType": "uint24"
          },
          {
            "name": "referrer",
            "type": "uint24",
            "internalType": "uint24"
          },
          {
            "name": "protocol",
            "type": "uint24",
            "internalType": "uint24"
          },
          {
            "name": "active",
            "type": "bool",
            "internalType": "bool"
          }
        ]
      }
    ],
    "stateMutability": "view"
  },
  {
    "type": "function",
    "name": "nativeToken",
    "inputs": [],
    "outputs": [
      {
        "name": "",
        "type": "address",
        "internalType": "address"
      }
    ],
    "stateMutability": "view"
  },
  {
    "type": "function",
    "name": "owner",
    "inputs": [],
    "outputs": [
      {
        "name": "result",
        "type": "address",
        "internalType": "address"
      }
    ],
    "stateMutability": "view"
  },
  {
    "type": "function",
    "name": "ownershipHandoverExpiresAt",
    "inputs": [
      {
        "name": "pendingOwner",
        "type": "address",
        "internalType": "address"
      }
    ],
    "outputs": [
      {
        "name": "result",
        "type": "uint256",
        "internalType": "uint256"
      }
    ],
    "stateMutability": "view"
  },
  {
    "type": "function",
    "name": "referralEscrow",
    "inputs": [],
    "outputs": [
      {
        "name": "",
        "type": "address",
        "internalType": "contract ReferralEscrow"
      }
    ],
    "stateMutability": "view"
  },
  {
    "type": "function",
    "name": "renounceOwnership",
    "inputs": [],
    "outputs": [],
    "stateMutability": "payable"
  },
  {
    "type": "function",
    "name": "requestOwnershipHandover",
    "inputs": [],
    "outputs": [],
    "stateMutability": "payable"
  },
  {
    "type": "function",
    "name": "setFairLaunchFeeCalculator",
    "inputs": [
      {
        "name": "_feeCalculator",
        "type": "address",
        "internalType": "contract IFeeCalculator"
      }
    ],
    "outputs": [],
    "stateMutability": "nonpayable"
  },
  {
    "type": "function",
    "name": "setFeeCalculator",
    "inputs": [
      {
        "name": "_feeCalculator",
        "type": "address",
        "internalType": "contract IFeeCalculator"
      }
    ],
    "outputs": [],
    "stateMutability": "nonpayable"
  },
  {
    "type": "function",
    "name": "setFeeDistribution",
    "inputs": [
      {
        "name": "_feeDistribution",
        "type": "tuple",
        "internalType": "struct FeeDistributor.FeeDistribution",
        "components": [
          {
            "name": "swapFee",
            "type": "uint24",
            "internalType": "uint24"
          },
          {
            "name": "referrer",
            "type": "uint24",
            "internalType": "uint24"
          },
          {
            "name": "protocol",
            "type": "uint24",
            "internalType": "uint24"
          },
          {
            "name": "active",
            "type": "bool",
            "internalType": "bool"
          }
        ]
      }
    ],
    "outputs": [],
    "stateMutability": "nonpayable"
  },
  {
    "type": "function",
    "name": "setPoolFeeDistribution",
    "inputs": [
      {
        "name": "_poolId",
        "type": "bytes32",
        "internalType": "PoolId"
      },
      {
        "name": "_feeDistribution",
        "type": "tuple",
        "internalType": "struct FeeDistributor.FeeDistribution",
        "components": [
          {
            "name": "swapFee",
            "type": "uint24",
            "internalType": "uint24"
          },
          {
            "name": "referrer",
            "type": "uint24",
            "internalType": "uint24"
          },
          {
            "name": "protocol",
            "type": "uint24",
            "internalType": "uint24"
          },
          {
            "name": "active",
            "type": "bool",
            "internalType": "bool"
          }
        ]
      }
    ],
    "outputs": [],
    "stateMutability": "nonpayable"
  },
  {
    "type": "function",
    "name": "setProtocolFeeDistribution",
    "inputs": [
      {
        "name": "_protocol",
        "type": "uint24",
        "internalType": "uint24"
      }
    ],
    "outputs": [],
    "stateMutability": "nonpayable"
  },
  {
    "type": "function",
    "name": "setReferralEscrow",
    "inputs": [
      {
        "name": "_referralEscrow",
        "type": "address",
        "internalType": "address payable"
      }
    ],
    "outputs": [],
    "stateMutability": "nonpayable"
  },
  {
    "type": "function",
    "name": "transferOwnership",
    "inputs": [
      {
        "name": "newOwner",
        "type": "address",
        "internalType": "address"
      }
    ],
    "outputs": [],
    "stateMutability": "payable"
  },
  {
    "type": "function",
    "name": "withdrawFees",
    "inputs": [
      {
        "name": "_recipient",
        "type": "address",
        "internalType": "address"
      },
      {
        "name": "_unwrap",
        "type": "bool",
        "internalType": "bool"
      }
    ],
    "outputs": [],
    "stateMutability": "nonpayable"
  },
  {
    "type": "event",
    "name": "CreatorFeeAllocationUpdated",
    "inputs": [
      {
        "name": "_poolId",
        "type": "bytes32",
        "indexed": true,
        "internalType": "PoolId"
      },
      {
        "name": "_allocation",
        "type": "uint24",
        "indexed": false,
        "internalType": "uint24"
      }
    ],
    "anonymous": false
  },
  {
    "type": "event",
    "name": "Deposit",
    "inputs": [
      {
        "name": "_poolId",
        "type": "bytes32",
        "indexed": true,
        "internalType": "PoolId"
      },
      {
        "name": "_payee",
        "type": "address",
        "indexed": false,
        "internalType": "address"
      },
      {
        "name": "_token",
        "type": "address",
        "indexed": false,
        "internalType": "address"
      },
      {
        "name": "_amount",
        "type": "uint256",
        "indexed": false,
        "internalType": "uint256"
      }
    ],
    "anonymous": false
  },
  {
    "type": "event",
    "name": "FairLaunchFeeCalculatorUpdated",
    "inputs": [
      {
        "name": "_feeCalculator",
        "type": "address",
        "indexed": false,
        "internalType": "address"
      }
    ],
    "anonymous": false
  },
  {
    "type": "event",
    "name": "FeeCalculatorUpdated",
    "inputs": [
      {
        "name": "_feeCalculator",
        "type": "address",
        "indexed": false,
        "internalType": "address"
      }
    ],
    "anonymous": false
  },
  {
    "type": "event",
    "name": "FeeDistributionUpdated",
    "inputs": [
      {
        "name": "_feeDistribution",
        "type": "tuple",
        "indexed": false,
        "internalType": "struct FeeDistributor.FeeDistribution",
        "components": [
          {
            "name": "swapFee",
            "type": "uint24",
            "internalType": "uint24"
          },
          {
            "name": "referrer",
            "type": "uint24",
            "internalType": "uint24"
          },
          {
            "name": "protocol",
            "type": "uint24",
            "internalType": "uint24"
          },
          {
            "name": "active",
            "type": "bool",
            "internalType": "bool"
          }
        ]
      }
    ],
    "anonymous": false
  },
  {
    "type": "event",
    "name": "OwnershipHandoverCanceled",
    "inputs": [
      {
        "name": "pendingOwner",
        "type": "address",
        "indexed": true,
        "internalType": "address"
      }
    ],
    "anonymous": false
  },
  {
    "type": "event",
    "name": "OwnershipHandoverRequested",
    "inputs": [
      {
        "name": "pendingOwner",
        "type": "address",
        "indexed": true,
        "internalType": "address"
      }
    ],
    "anonymous": false
  },
  {
    "type": "event",
    "name": "OwnershipTransferred",
    "inputs": [
      {
        "name": "oldOwner",
        "type": "address",
        "indexed": true,
        "internalType": "address"
      },
      {
        "name": "newOwner",
        "type": "address",
        "indexed": true,
        "internalType": "address"
      }
    ],
    "anonymous": false
  },
  {
    "type": "event",
    "name": "PoolFeeDistributionUpdated",
    "inputs": [
      {
        "name": "_poolId",
        "type": "bytes32",
        "indexed": true,
        "internalType": "PoolId"
      },
      {
        "name": "_feeDistribution",
        "type": "tuple",
        "indexed": false,
        "internalType": "struct FeeDistributor.FeeDistribution",
        "components": [
          {
            "name": "swapFee",
            "type": "uint24",
            "internalType": "uint24"
          },
          {
            "name": "referrer",
            "type": "uint24",
            "internalType": "uint24"
          },
          {
            "name": "protocol",
            "type": "uint24",
            "internalType": "uint24"
          },
          {
            "name": "active",
            "type": "bool",
            "internalType": "bool"
          }
        ]
      }
    ],
    "anonymous": false
  },
  {
    "type": "event",
    "name": "ReferralEscrowUpdated",
    "inputs": [
      {
        "name": "_referralEscrow",
        "type": "address",
        "indexed": false,
        "internalType": "address"
      }
    ],
    "anonymous": false
  },
  {
    "type": "event",
    "name": "ReferrerFeePaid",
    "inputs": [
      {
        "name": "_poolId",
        "type": "bytes32",
        "indexed": true,
        "internalType": "PoolId"
      },
      {
        "name": "_recipient",
        "type": "address",
        "indexed": false,
        "internalType": "address"
      },
      {
        "name": "_token",
        "type": "address",
        "indexed": false,
        "internalType": "address"
      },
      {
        "name": "_amount",
        "type": "uint256",
        "indexed": false,
        "internalType": "uint256"
      }
    ],
    "anonymous": false
  },
  {
    "type": "event",
    "name": "Withdrawal",
    "inputs": [
      {
        "name": "_sender",
        "type": "address",
        "indexed": false,
        "internalType": "address"
      },
      {
        "name": "_recipient",
        "type": "address",
        "indexed": false,
        "internalType": "address"
      },
      {
        "name": "_token",
        "type": "address",
        "indexed": false,
        "internalType": "address"
      },
      {
        "name": "_amount",
        "type": "uint256",
        "indexed": false,
        "internalType": "uint256"
      }
    ],
    "anonymous": false
  },
  {
    "type": "error",
    "name": "AlreadyInitialized",
    "inputs": []
  },
  {
    "type": "error",
    "name": "CallerNotCreator",
    "inputs": [
      {
        "name": "_caller",
        "type": "address",
        "internalType": "address"
      }
    ]
  },
  {
    "type": "error",
    "name": "NewOwnerIsZeroAddress",
    "inputs": []
  },
  {
    "type": "error",
    "name": "NoHandoverRequest",
    "inputs": []
  },
  {
    "type": "error",
    "name": "ProtocolFeeInvalid",
    "inputs": []
  },
  {
    "type": "error",
    "name": "RecipientZeroAddress",
    "inputs": []
  },
  {
    "type": "error",
    "name": "ReferrerFeeInvalid",
    "inputs": []
  },
  {
    "type": "error",
    "name": "SwapFeeInvalid",
    "inputs": []
  },
  {
    "type": "error",
    "name": "Unauthorized",
    "inputs": []
  }
]
