[
  {
    "type": "constructor",
    "inputs": [
      {
        "name": "_positionManager",
        "type": "address",
        "internalType": "contract PositionManager"
      },
      {
        "name": "_flaunchContract",
        "type": "address",
        "internalType": "address"
      },
      {
        "name": "_flETH",
        "type": "address",
        "internalType": "address"
      },
      {
        "name": "_poolSwap",
        "type": "address",
        "internalType": "contract PoolSwap"
      }
    ],
    "stateMutability": "nonpayable"
  },
  {
    "type": "receive",
    "stateMutability": "payable"
  },
  {
    "type": "function",
    "name": "calculateFee",
    "inputs": [
      {
        "name": "_premineAmount",
        "type": "uint256",
        "internalType": "uint256"
      },
      {
        "name": "_slippage",
        "type": "uint256",
        "internalType": "uint256"
      },
      {
        "name": "_initialPriceParams",
        "type": "bytes",
        "internalType": "bytes"
      }
    ],
    "outputs": [
      {
        "name": "ethRequired_",
        "type": "uint256",
        "internalType": "uint256"
      }
    ],
    "stateMutability": "view"
  },
  {
    "type": "function",
    "name": "flETH",
    "inputs": [],
    "outputs": [
      {
        "name": "",
        "type": "address",
        "internalType": "contract IFLETH"
      }
    ],
    "stateMutability": "view"
  },
  {
    "type": "function",
    "name": "flaunch",
    "inputs": [
      {
        "name": "_params",
        "type": "tuple",
        "internalType": "struct PositionManager.FlaunchParams",
        "components": [
          {
            "name": "name",
            "type": "string",
            "internalType": "string"
          },
          {
            "name": "symbol",
            "type": "string",
            "internalType": "string"
          },
          {
            "name": "tokenUri",
            "type": "string",
            "internalType": "string"
          },
          {
            "name": "initialTokenFairLaunch",
            "type": "uint256",
            "internalType": "uint256"
          },
          {
            "name": "premineAmount",
            "type": "uint256",
            "internalType": "uint256"
          },
          {
            "name": "creator",
            "type": "address",
            "internalType": "address"
          },
          {
            "name": "creatorFeeAllocation",
            "type": "uint24",
            "internalType": "uint24"
          },
          {
            "name": "flaunchAt",
            "type": "uint256",
            "internalType": "uint256"
          },
          {
            "name": "initialPriceParams",
            "type": "bytes",
            "internalType": "bytes"
          },
          {
            "name": "feeCalculatorParams",
            "type": "bytes",
            "internalType": "bytes"
          }
        ]
      }
    ],
    "outputs": [
      {
        "name": "memecoin_",
        "type": "address",
        "internalType": "address"
      },
      {
        "name": "ethSpent_",
        "type": "uint256",
        "internalType": "uint256"
      }
    ],
    "stateMutability": "payable"
  },
  {
    "type": "function",
    "name": "flaunchContract",
    "inputs": [],
    "outputs": [
      {
        "name": "",
        "type": "address",
        "internalType": "contract Flaunch"
      }
    ],
    "stateMutability": "view"
  },
  {
    "type": "function",
    "name": "poolSwap",
    "inputs": [],
    "outputs": [
      {
        "name": "",
        "type": "address",
        "internalType": "contract PoolSwap"
      }
    ],
    "stateMutability": "view"
  },
  {
    "type": "function",
    "name": "positionManager",
    "inputs": [],
    "outputs": [
      {
        "name": "",
        "type": "address",
        "internalType": "contract PositionManager"
      }
    ],
    "stateMutability": "view"
  }
]
