[
  {
    "type": "constructor",
    "inputs": [
      {
        "name": "_flaunchFee",
        "type": "uint256",
        "internalType": "uint256"
      },
      {
        "name": "_protocolOwner",
        "type": "address",
        "internalType": "address"
      }
    ],
    "stateMutability": "nonpayable"
  },
  {
    "type": "function",
    "name": "cancelOwnershipHandover",
    "inputs": [],
    "outputs": [],
    "stateMutability": "payable"
  },
  {
    "type": "function",
    "name": "completeOwnershipHandover",
    "inputs": [
      {
        "name": "pendingOwner",
        "type": "address",
        "internalType": "address"
      }
    ],
    "outputs": [],
    "stateMutability": "payable"
  },
  {
    "type": "function",
    "name": "getFlaunchingFee",
    "inputs": [
      {
        "name": "",
        "type": "address",
        "internalType": "address"
      },
      {
        "name": "",
        "type": "bytes",
        "internalType": "bytes"
      }
    ],
    "outputs": [
      {
        "name": "",
        "type": "uint256",
        "internalType": "uint256"
      }
    ],
    "stateMutability": "view"
  },
  {
    "type": "function",
    "name": "getMarketCap",
    "inputs": [
      {
        "name": "_initialPriceParams",
        "type": "bytes",
        "internalType": "bytes"
      }
    ],
    "outputs": [
      {
        "name": "",
        "type": "uint256",
        "internalType": "uint256"
      }
    ],
    "stateMutability": "view"
  },
  {
    "type": "function",
    "name": "getSqrtPriceX96",
    "inputs": [
      {
        "name": "",
        "type": "address",
        "internalType": "address"
      },
      {
        "name": "_flipped",
        "type": "bool",
        "internalType": "bool"
      },
      {
        "name": "",
        "type": "bytes",
        "internalType": "bytes"
      }
    ],
    "outputs": [
      {
        "name": "",
        "type": "uint160",
        "internalType": "uint160"
      }
    ],
    "stateMutability": "view"
  },
  {
    "type": "function",
    "name": "owner",
    "inputs": [],
    "outputs": [
      {
        "name": "result",
        "type": "address",
        "internalType": "address"
      }
    ],
    "stateMutability": "view"
  },
  {
    "type": "function",
    "name": "ownershipHandoverExpiresAt",
    "inputs": [
      {
        "name": "pendingOwner",
        "type": "address",
        "internalType": "address"
      }
    ],
    "outputs": [
      {
        "name": "result",
        "type": "uint256",
        "internalType": "uint256"
      }
    ],
    "stateMutability": "view"
  },
  {
    "type": "function",
    "name": "renounceOwnership",
    "inputs": [],
    "outputs": [],
    "stateMutability": "payable"
  },
  {
    "type": "function",
    "name": "requestOwnershipHandover",
    "inputs": [],
    "outputs": [],
    "stateMutability": "payable"
  },
  {
    "type": "function",
    "name": "setSqrtPriceX96",
    "inputs": [
      {
        "name": "_sqrtPriceX96",
        "type": "tuple",
        "internalType": "struct InitialPrice.InitialSqrtPriceX96",
        "components": [
          {
            "name": "unflipped",
            "type": "uint160",
            "internalType": "uint160"
          },
          {
            "name": "flipped",
            "type": "uint160",
            "internalType": "uint160"
          }
        ]
      }
    ],
    "outputs": [],
    "stateMutability": "nonpayable"
  },
  {
    "type": "function",
    "name": "transferOwnership",
    "inputs": [
      {
        "name": "newOwner",
        "type": "address",
        "internalType": "address"
      }
    ],
    "outputs": [],
    "stateMutability": "payable"
  },
  {
    "type": "event",
    "name": "InitialSqrtPriceX96Updated",
    "inputs": [
      {
        "name": "_unflipped",
        "type": "uint160",
        "indexed": false,
        "internalType": "uint160"
      },
      {
        "name": "_flipped",
        "type": "uint160",
        "indexed": false,
        "internalType": "uint160"
      }
    ],
    "anonymous": false
  },
  {
    "type": "event",
    "name": "OwnershipHandoverCanceled",
    "inputs": [
      {
        "name": "pendingOwner",
        "type": "address",
        "indexed": true,
        "internalType": "address"
      }
    ],
    "anonymous": false
  },
  {
    "type": "event",
    "name": "OwnershipHandoverRequested",
    "inputs": [
      {
        "name": "pendingOwner",
        "type": "address",
        "indexed": true,
        "internalType": "address"
      }
    ],
    "anonymous": false
  },
  {
    "type": "event",
    "name": "OwnershipTransferred",
    "inputs": [
      {
        "name": "oldOwner",
        "type": "address",
        "indexed": true,
        "internalType": "address"
      },
      {
        "name": "newOwner",
        "type": "address",
        "indexed": true,
        "internalType": "address"
      }
    ],
    "anonymous": false
  },
  {
    "type": "error",
    "name": "AlreadyInitialized",
    "inputs": []
  },
  {
    "type": "error",
    "name": "NewOwnerIsZeroAddress",
    "inputs": []
  },
  {
    "type": "error",
    "name": "NoHandoverRequest",
    "inputs": []
  },
  {
    "type": "error",
    "name": "Unauthorized",
    "inputs": []
  }
]
