[
  {
    "type": "constructor",
    "inputs": [
      {
        "name": "_protocolOwner",
        "type": "address",
        "internalType": "address"
      },
      {
        "name": "_ethToken",
        "type": "address",
        "internalType": "address"
      },
      {
        "name": "_usdcToken",
        "type": "address",
        "internalType": "address"
      }
    ],
    "stateMutability": "nonpayable"
  },
  {
    "type": "function",
    "name": "MINIMUM_USDC_MARKET_CAP",
    "inputs": [],
    "outputs": [
      {
        "name": "",
        "type": "uint256",
        "internalType": "uint256"
      }
    ],
    "stateMutability": "view"
  },
  {
    "type": "function",
    "name": "cancelOwnershipHandover",
    "inputs": [],
    "outputs": [],
    "stateMutability": "payable"
  },
  {
    "type": "function",
    "name": "completeOwnershipHandover",
    "inputs": [
      {
        "name": "pendingOwner",
        "type": "address",
        "internalType": "address"
      }
    ],
    "outputs": [],
    "stateMutability": "payable"
  },
  {
    "type": "function",
    "name": "ethToken",
    "inputs": [],
    "outputs": [
      {
        "name": "",
        "type": "address",
        "internalType": "address"
      }
    ],
    "stateMutability": "view"
  },
  {
    "type": "function",
    "name": "getFlaunchingFee",
    "inputs": [
      {
        "name": "",
        "type": "address",
        "internalType": "address"
      },
      {
        "name": "_initialPriceParams",
        "type": "bytes",
        "internalType": "bytes"
      }
    ],
    "outputs": [
      {
        "name": "",
        "type": "uint256",
        "internalType": "uint256"
      }
    ],
    "stateMutability": "view"
  },
  {
    "type": "function",
    "name": "getMarketCap",
    "inputs": [
      {
        "name": "_initialPriceParams",
        "type": "bytes",
        "internalType": "bytes"
      }
    ],
    "outputs": [
      {
        "name": "",
        "type": "uint256",
        "internalType": "uint256"
      }
    ],
    "stateMutability": "view"
  },
  {
    "type": "function",
    "name": "getSqrtPriceX96",
    "inputs": [
      {
        "name": "",
        "type": "address",
        "internalType": "address"
      },
      {
        "name": "_flipped",
        "type": "bool",
        "internalType": "bool"
      },
      {
        "name": "_initialPriceParams",
        "type": "bytes",
        "internalType": "bytes"
      }
    ],
    "outputs": [
      {
        "name": "sqrtPriceX96_",
        "type": "uint160",
        "internalType": "uint160"
      }
    ],
    "stateMutability": "view"
  },
  {
    "type": "function",
    "name": "owner",
    "inputs": [],
    "outputs": [
      {
        "name": "result",
        "type": "address",
        "internalType": "address"
      }
    ],
    "stateMutability": "view"
  },
  {
    "type": "function",
    "name": "ownershipHandoverExpiresAt",
    "inputs": [
      {
        "name": "pendingOwner",
        "type": "address",
        "internalType": "address"
      }
    ],
    "outputs": [
      {
        "name": "result",
        "type": "uint256",
        "internalType": "uint256"
      }
    ],
    "stateMutability": "view"
  },
  {
    "type": "function",
    "name": "pool",
    "inputs": [],
    "outputs": [
      {
        "name": "",
        "type": "address",
        "internalType": "contract IUniswapV3Pool"
      }
    ],
    "stateMutability": "view"
  },
  {
    "type": "function",
    "name": "renounceOwnership",
    "inputs": [],
    "outputs": [],
    "stateMutability": "payable"
  },
  {
    "type": "function",
    "name": "requestOwnershipHandover",
    "inputs": [],
    "outputs": [],
    "stateMutability": "payable"
  },
  {
    "type": "function",
    "name": "setPool",
    "inputs": [
      {
        "name": "_pool",
        "type": "address",
        "internalType": "address"
      }
    ],
    "outputs": [],
    "stateMutability": "nonpayable"
  },
  {
    "type": "function",
    "name": "transferOwnership",
    "inputs": [
      {
        "name": "newOwner",
        "type": "address",
        "internalType": "address"
      }
    ],
    "outputs": [],
    "stateMutability": "payable"
  },
  {
    "type": "function",
    "name": "usdcToken",
    "inputs": [],
    "outputs": [
      {
        "name": "",
        "type": "address",
        "internalType": "address"
      }
    ],
    "stateMutability": "view"
  },
  {
    "type": "function",
    "name": "usdcToken0",
    "inputs": [],
    "outputs": [
      {
        "name": "",
        "type": "bool",
        "internalType": "bool"
      }
    ],
    "stateMutability": "view"
  },
  {
    "type": "event",
    "name": "OwnershipHandoverCanceled",
    "inputs": [
      {
        "name": "pendingOwner",
        "type": "address",
        "indexed": true,
        "internalType": "address"
      }
    ],
    "anonymous": false
  },
  {
    "type": "event",
    "name": "OwnershipHandoverRequested",
    "inputs": [
      {
        "name": "pendingOwner",
        "type": "address",
        "indexed": true,
        "internalType": "address"
      }
    ],
    "anonymous": false
  },
  {
    "type": "event",
    "name": "OwnershipTransferred",
    "inputs": [
      {
        "name": "oldOwner",
        "type": "address",
        "indexed": true,
        "internalType": "address"
      },
      {
        "name": "newOwner",
        "type": "address",
        "indexed": true,
        "internalType": "address"
      }
    ],
    "anonymous": false
  },
  {
    "type": "error",
    "name": "AlreadyInitialized",
    "inputs": []
  },
  {
    "type": "error",
    "name": "InvalidTokenPair",
    "inputs": []
  },
  {
    "type": "error",
    "name": "MarketCapTooSmall",
    "inputs": [
      {
        "name": "_usdcMarketCap",
        "type": "uint256",
        "internalType": "uint256"
      },
      {
        "name": "_usdcMarketCapMinimum",
        "type": "uint256",
        "internalType": "uint256"
      }
    ]
  },
  {
    "type": "error",
    "name": "NewOwnerIsZeroAddress",
    "inputs": []
  },
  {
    "type": "error",
    "name": "NoHandoverRequest",
    "inputs": []
  },
  {
    "type": "error",
    "name": "Unauthorized",
    "inputs": []
  }
]
