[
  {
    "type": "constructor",
    "inputs": [],
    "stateMutability": "nonpayable"
  },
  {
    "type": "function",
    "name": "CLOCK_MODE",
    "inputs": [],
    "outputs": [
      {
        "name": "",
        "type": "string",
        "internalType": "string"
      }
    ],
    "stateMutability": "view"
  },
  {
    "type": "function",
    "name": "DOMAIN_SEPARATOR",
    "inputs": [],
    "outputs": [
      {
        "name": "",
        "type": "bytes32",
        "internalType": "bytes32"
      }
    ],
    "stateMutability": "view"
  },
  {
    "type": "function",
    "name": "allowance",
    "inputs": [
      {
        "name": "owner",
        "type": "address",
        "internalType": "address"
      },
      {
        "name": "spender",
        "type": "address",
        "internalType": "address"
      }
    ],
    "outputs": [
      {
        "name": "",
        "type": "uint256",
        "internalType": "uint256"
      }
    ],
    "stateMutability": "view"
  },
  {
    "type": "function",
    "name": "approve",
    "inputs": [
      {
        "name": "spender",
        "type": "address",
        "internalType": "address"
      },
      {
        "name": "amount",
        "type": "uint256",
        "internalType": "uint256"
      }
    ],
    "outputs": [
      {
        "name": "",
        "type": "bool",
        "internalType": "bool"
      }
    ],
    "stateMutability": "nonpayable"
  },
  {
    "type": "function",
    "name": "balanceOf",
    "inputs": [
      {
        "name": "account",
        "type": "address",
        "internalType": "address"
      }
    ],
    "outputs": [
      {
        "name": "",
        "type": "uint256",
        "internalType": "uint256"
      }
    ],
    "stateMutability": "view"
  },
  {
    "type": "function",
    "name": "burn",
    "inputs": [
      {
        "name": "value",
        "type": "uint256",
        "internalType": "uint256"
      }
    ],
    "outputs": [],
    "stateMutability": "nonpayable"
  },
  {
    "type": "function",
    "name": "burnFrom",
    "inputs": [
      {
        "name": "account",
        "type": "address",
        "internalType": "address"
      },
      {
        "name": "value",
        "type": "uint256",
        "internalType": "uint256"
      }
    ],
    "outputs": [],
    "stateMutability": "nonpayable"
  },
  {
    "type": "function",
    "name": "checkpoints",
    "inputs": [
      {
        "name": "account",
        "type": "address",
        "internalType": "address"
      },
      {
        "name": "pos",
        "type": "uint32",
        "internalType": "uint32"
      }
    ],
    "outputs": [
      {
        "name": "",
        "type": "tuple",
        "internalType": "struct ERC20VotesUpgradeable.Checkpoint",
        "components": [
          {
            "name": "fromBlock",
            "type": "uint32",
            "internalType": "uint32"
          },
          {
            "name": "votes",
            "type": "uint224",
            "internalType": "uint224"
          }
        ]
      }
    ],
    "stateMutability": "view"
  },
  {
    "type": "function",
    "name": "clock",
    "inputs": [],
    "outputs": [
      {
        "name": "",
        "type": "uint48",
        "internalType": "uint48"
      }
    ],
    "stateMutability": "view"
  },
  {
    "type": "function",
    "name": "creator",
    "inputs": [],
    "outputs": [
      {
        "name": "creator_",
        "type": "address",
        "internalType": "address"
      }
    ],
    "stateMutability": "view"
  },
  {
    "type": "function",
    "name": "crosschainBurn",
    "inputs": [
      {
        "name": "_from",
        "type": "address",
        "internalType": "address"
      },
      {
        "name": "_amount",
        "type": "uint256",
        "internalType": "uint256"
      }
    ],
    "outputs": [],
    "stateMutability": "nonpayable"
  },
  {
    "type": "function",
    "name": "crosschainMint",
    "inputs": [
      {
        "name": "_to",
        "type": "address",
        "internalType": "address"
      },
      {
        "name": "_amount",
        "type": "uint256",
        "internalType": "uint256"
      }
    ],
    "outputs": [],
    "stateMutability": "nonpayable"
  },
  {
    "type": "function",
    "name": "decimals",
    "inputs": [],
    "outputs": [
      {
        "name": "",
        "type": "uint8",
        "internalType": "uint8"
      }
    ],
    "stateMutability": "view"
  },
  {
    "type": "function",
    "name": "decreaseAllowance",
    "inputs": [
      {
        "name": "spender",
        "type": "address",
        "internalType": "address"
      },
      {
        "name": "subtractedValue",
        "type": "uint256",
        "internalType": "uint256"
      }
    ],
    "outputs": [
      {
        "name": "",
        "type": "bool",
        "internalType": "bool"
      }
    ],
    "stateMutability": "nonpayable"
  },
  {
    "type": "function",
    "name": "delegate",
    "inputs": [
      {
        "name": "delegatee",
        "type": "address",
        "internalType": "address"
      }
    ],
    "outputs": [],
    "stateMutability": "nonpayable"
  },
  {
    "type": "function",
    "name": "delegateBySig",
    "inputs": [
      {
        "name": "delegatee",
        "type": "address",
        "internalType": "address"
      },
      {
        "name": "nonce",
        "type": "uint256",
        "internalType": "uint256"
      },
      {
        "name": "expiry",
        "type": "uint256",
        "internalType": "uint256"
      },
      {
        "name": "v",
        "type": "uint8",
        "internalType": "uint8"
      },
      {
        "name": "r",
        "type": "bytes32",
        "internalType": "bytes32"
      },
      {
        "name": "s",
        "type": "bytes32",
        "internalType": "bytes32"
      }
    ],
    "outputs": [],
    "stateMutability": "nonpayable"
  },
  {
    "type": "function",
    "name": "delegates",
    "inputs": [
      {
        "name": "account",
        "type": "address",
        "internalType": "address"
      }
    ],
    "outputs": [
      {
        "name": "",
        "type": "address",
        "internalType": "address"
      }
    ],
    "stateMutability": "view"
  },
  {
    "type": "function",
    "name": "eip712Domain",
    "inputs": [],
    "outputs": [
      {
        "name": "fields",
        "type": "bytes1",
        "internalType": "bytes1"
      },
      {
        "name": "name",
        "type": "string",
        "internalType": "string"
      },
      {
        "name": "version",
        "type": "string",
        "internalType": "string"
      },
      {
        "name": "chainId",
        "type": "uint256",
        "internalType": "uint256"
      },
      {
        "name": "verifyingContract",
        "type": "address",
        "internalType": "address"
      },
      {
        "name": "salt",
        "type": "bytes32",
        "internalType": "bytes32"
      },
      {
        "name": "extensions",
        "type": "uint256[]",
        "internalType": "uint256[]"
      }
    ],
    "stateMutability": "view"
  },
  {
    "type": "function",
    "name": "flaunch",
    "inputs": [],
    "outputs": [
      {
        "name": "",
        "type": "address",
        "internalType": "contract Flaunch"
      }
    ],
    "stateMutability": "view"
  },
  {
    "type": "function",
    "name": "getPastTotalSupply",
    "inputs": [
      {
        "name": "timepoint",
        "type": "uint256",
        "internalType": "uint256"
      }
    ],
    "outputs": [
      {
        "name": "",
        "type": "uint256",
        "internalType": "uint256"
      }
    ],
    "stateMutability": "view"
  },
  {
    "type": "function",
    "name": "getPastVotes",
    "inputs": [
      {
        "name": "account",
        "type": "address",
        "internalType": "address"
      },
      {
        "name": "timepoint",
        "type": "uint256",
        "internalType": "uint256"
      }
    ],
    "outputs": [
      {
        "name": "",
        "type": "uint256",
        "internalType": "uint256"
      }
    ],
    "stateMutability": "view"
  },
  {
    "type": "function",
    "name": "getVotes",
    "inputs": [
      {
        "name": "account",
        "type": "address",
        "internalType": "address"
      }
    ],
    "outputs": [
      {
        "name": "",
        "type": "uint256",
        "internalType": "uint256"
      }
    ],
    "stateMutability": "view"
  },
  {
    "type": "function",
    "name": "increaseAllowance",
    "inputs": [
      {
        "name": "spender",
        "type": "address",
        "internalType": "address"
      },
      {
        "name": "addedValue",
        "type": "uint256",
        "internalType": "uint256"
      }
    ],
    "outputs": [
      {
        "name": "",
        "type": "bool",
        "internalType": "bool"
      }
    ],
    "stateMutability": "nonpayable"
  },
  {
    "type": "function",
    "name": "initialize",
    "inputs": [
      {
        "name": "name_",
        "type": "string",
        "internalType": "string"
      },
      {
        "name": "symbol_",
        "type": "string",
        "internalType": "string"
      },
      {
        "name": "tokenUri_",
        "type": "string",
        "internalType": "string"
      }
    ],
    "outputs": [],
    "stateMutability": "nonpayable"
  },
  {
    "type": "function",
    "name": "mint",
    "inputs": [
      {
        "name": "_to",
        "type": "address",
        "internalType": "address"
      },
      {
        "name": "_amount",
        "type": "uint256",
        "internalType": "uint256"
      }
    ],
    "outputs": [],
    "stateMutability": "nonpayable"
  },
  {
    "type": "function",
    "name": "name",
    "inputs": [],
    "outputs": [
      {
        "name": "",
        "type": "string",
        "internalType": "string"
      }
    ],
    "stateMutability": "view"
  },
  {
    "type": "function",
    "name": "nonces",
    "inputs": [
      {
        "name": "owner",
        "type": "address",
        "internalType": "address"
      }
    ],
    "outputs": [
      {
        "name": "",
        "type": "uint256",
        "internalType": "uint256"
      }
    ],
    "stateMutability": "view"
  },
  {
    "type": "function",
    "name": "numCheckpoints",
    "inputs": [
      {
        "name": "account",
        "type": "address",
        "internalType": "address"
      }
    ],
    "outputs": [
      {
        "name": "",
        "type": "uint32",
        "internalType": "uint32"
      }
    ],
    "stateMutability": "view"
  },
  {
    "type": "function",
    "name": "permit",
    "inputs": [
      {
        "name": "owner",
        "type": "address",
        "internalType": "address"
      },
      {
        "name": "spender",
        "type": "address",
        "internalType": "address"
      },
      {
        "name": "value",
        "type": "uint256",
        "internalType": "uint256"
      },
      {
        "name": "deadline",
        "type": "uint256",
        "internalType": "uint256"
      },
      {
        "name": "v",
        "type": "uint8",
        "internalType": "uint8"
      },
      {
        "name": "r",
        "type": "bytes32",
        "internalType": "bytes32"
      },
      {
        "name": "s",
        "type": "bytes32",
        "internalType": "bytes32"
      }
    ],
    "outputs": [],
    "stateMutability": "nonpayable"
  },
  {
    "type": "function",
    "name": "setMetadata",
    "inputs": [
      {
        "name": "name_",
        "type": "string",
        "internalType": "string"
      },
      {
        "name": "symbol_",
        "type": "string",
        "internalType": "string"
      }
    ],
    "outputs": [],
    "stateMutability": "nonpayable"
  },
  {
    "type": "function",
    "name": "supportsInterface",
    "inputs": [
      {
        "name": "_interfaceId",
        "type": "bytes4",
        "internalType": "bytes4"
      }
    ],
    "outputs": [
      {
        "name": "",
        "type": "bool",
        "internalType": "bool"
      }
    ],
    "stateMutability": "view"
  },
  {
    "type": "function",
    "name": "symbol",
    "inputs": [],
    "outputs": [
      {
        "name": "",
        "type": "string",
        "internalType": "string"
      }
    ],
    "stateMutability": "view"
  },
  {
    "type": "function",
    "name": "tokenURI",
    "inputs": [],
    "outputs": [
      {
        "name": "",
        "type": "string",
        "internalType": "string"
      }
    ],
    "stateMutability": "view"
  },
  {
    "type": "function",
    "name": "totalSupply",
    "inputs": [],
    "outputs": [
      {
        "name": "",
        "type": "uint256",
        "internalType": "uint256"
      }
    ],
    "stateMutability": "view"
  },
  {
    "type": "function",
    "name": "transfer",
    "inputs": [
      {
        "name": "to",
        "type": "address",
        "internalType": "address"
      },
      {
        "name": "amount",
        "type": "uint256",
        "internalType": "uint256"
      }
    ],
    "outputs": [
      {
        "name": "",
        "type": "bool",
        "internalType": "bool"
      }
    ],
    "stateMutability": "nonpayable"
  },
  {
    "type": "function",
    "name": "transferFrom",
    "inputs": [
      {
        "name": "from",
        "type": "address",
        "internalType": "address"
      },
      {
        "name": "to",
        "type": "address",
        "internalType": "address"
      },
      {
        "name": "amount",
        "type": "uint256",
        "internalType": "uint256"
      }
    ],
    "outputs": [
      {
        "name": "",
        "type": "bool",
        "internalType": "bool"
      }
    ],
    "stateMutability": "nonpayable"
  },
  {
    "type": "function",
    "name": "treasury",
    "inputs": [],
    "outputs": [
      {
        "name": "",
        "type": "address",
        "internalType": "address payable"
      }
    ],
    "stateMutability": "view"
  },
  {
    "type": "function",
    "name": "version",
    "inputs": [],
    "outputs": [
      {
        "name": "",
        "type": "string",
        "internalType": "string"
      }
    ],
    "stateMutability": "view"
  },
  {
    "type": "event",
    "name": "Approval",
    "inputs": [
      {
        "name": "owner",
        "type": "address",
        "indexed": true,
        "internalType": "address"
      },
      {
        "name": "spender",
        "type": "address",
        "indexed": true,
        "internalType": "address"
      },
      {
        "name": "value",
        "type": "uint256",
        "indexed": false,
        "internalType": "uint256"
      }
    ],
    "anonymous": false
  },
  {
    "type": "event",
    "name": "CrosschainBurn",
    "inputs": [
      {
        "name": "from",
        "type": "address",
        "indexed": true,
        "internalType": "address"
      },
      {
        "name": "amount",
        "type": "uint256",
        "indexed": false,
        "internalType": "uint256"
      }
    ],
    "anonymous": false
  },
  {
    "type": "event",
    "name": "CrosschainMint",
    "inputs": [
      {
        "name": "to",
        "type": "address",
        "indexed": true,
        "internalType": "address"
      },
      {
        "name": "amount",
        "type": "uint256",
        "indexed": false,
        "internalType": "uint256"
      }
    ],
    "anonymous": false
  },
  {
    "type": "event",
    "name": "DelegateChanged",
    "inputs": [
      {
        "name": "delegator",
        "type": "address",
        "indexed": true,
        "internalType": "address"
      },
      {
        "name": "fromDelegate",
        "type": "address",
        "indexed": true,
        "internalType": "address"
      },
      {
        "name": "toDelegate",
        "type": "address",
        "indexed": true,
        "internalType": "address"
      }
    ],
    "anonymous": false
  },
  {
    "type": "event",
    "name": "DelegateVotesChanged",
    "inputs": [
      {
        "name": "delegate",
        "type": "address",
        "indexed": true,
        "internalType": "address"
      },
      {
        "name": "previousBalance",
        "type": "uint256",
        "indexed": false,
        "internalType": "uint256"
      },
      {
        "name": "newBalance",
        "type": "uint256",
        "indexed": false,
        "internalType": "uint256"
      }
    ],
    "anonymous": false
  },
  {
    "type": "event",
    "name": "EIP712DomainChanged",
    "inputs": [],
    "anonymous": false
  },
  {
    "type": "event",
    "name": "Initialized",
    "inputs": [
      {
        "name": "version",
        "type": "uint8",
        "indexed": false,
        "internalType": "uint8"
      }
    ],
    "anonymous": false
  },
  {
    "type": "event",
    "name": "MetadataUpdated",
    "inputs": [
      {
        "name": "_name",
        "type": "string",
        "indexed": false,
        "internalType": "string"
      },
      {
        "name": "_symbol",
        "type": "string",
        "indexed": false,
        "internalType": "string"
      }
    ],
    "anonymous": false
  },
  {
    "type": "event",
    "name": "Transfer",
    "inputs": [
      {
        "name": "from",
        "type": "address",
        "indexed": true,
        "internalType": "address"
      },
      {
        "name": "to",
        "type": "address",
        "indexed": true,
        "internalType": "address"
      },
      {
        "name": "value",
        "type": "uint256",
        "indexed": false,
        "internalType": "uint256"
      }
    ],
    "anonymous": false
  },
  {
    "type": "error",
    "name": "CallerNotFlaunch",
    "inputs": []
  },
  {
    "type": "error",
    "name": "MintAddressIsZero",
    "inputs": []
  },
  {
    "type": "error",
    "name": "Permit2AllowanceIsFixedAtInfinity",
    "inputs": []
  },
  {
    "type": "error",
    "name": "Unauthorized",
    "inputs": []
  }
]
