[
  {
    "type": "receive",
    "stateMutability": "payable"
  },
  {
    "type": "function",
    "name": "actionManager",
    "inputs": [],
    "outputs": [
      {
        "name": "",
        "type": "address",
        "internalType": "contract TreasuryActionManager"
      }
    ],
    "stateMutability": "view"
  },
  {
    "type": "function",
    "name": "claimFees",
    "inputs": [],
    "outputs": [],
    "stateMutability": "nonpayable"
  },
  {
    "type": "function",
    "name": "executeAction",
    "inputs": [
      {
        "name": "_action",
        "type": "address",
        "internalType": "address"
      },
      {
        "name": "_data",
        "type": "bytes",
        "internalType": "bytes"
      }
    ],
    "outputs": [],
    "stateMutability": "nonpayable"
  },
  {
    "type": "function",
    "name": "initialize",
    "inputs": [
      {
        "name": "_positionManager",
        "type": "address",
        "internalType": "address payable"
      },
      {
        "name": "_actionManager",
        "type": "address",
        "internalType": "address"
      },
      {
        "name": "_nativeToken",
        "type": "address",
        "internalType": "address"
      },
      {
        "name": "_poolKey",
        "type": "tuple",
        "internalType": "struct PoolKey",
        "components": [
          {
            "name": "currency0",
            "type": "address",
            "internalType": "Currency"
          },
          {
            "name": "currency1",
            "type": "address",
            "internalType": "Currency"
          },
          {
            "name": "fee",
            "type": "uint24",
            "internalType": "uint24"
          },
          {
            "name": "tickSpacing",
            "type": "int24",
            "internalType": "int24"
          },
          {
            "name": "hooks",
            "type": "address",
            "internalType": "contract IHooks"
          }
        ]
      }
    ],
    "outputs": [],
    "stateMutability": "nonpayable"
  },
  {
    "type": "function",
    "name": "nativeToken",
    "inputs": [],
    "outputs": [
      {
        "name": "",
        "type": "address",
        "internalType": "address"
      }
    ],
    "stateMutability": "view"
  },
  {
    "type": "function",
    "name": "poolKey",
    "inputs": [],
    "outputs": [
      {
        "name": "currency0",
        "type": "address",
        "internalType": "Currency"
      },
      {
        "name": "currency1",
        "type": "address",
        "internalType": "Currency"
      },
      {
        "name": "fee",
        "type": "uint24",
        "internalType": "uint24"
      },
      {
        "name": "tickSpacing",
        "type": "int24",
        "internalType": "int24"
      },
      {
        "name": "hooks",
        "type": "address",
        "internalType": "contract IHooks"
      }
    ],
    "stateMutability": "view"
  },
  {
    "type": "function",
    "name": "positionManager",
    "inputs": [],
    "outputs": [
      {
        "name": "",
        "type": "address",
        "internalType": "contract PositionManager"
      }
    ],
    "stateMutability": "view"
  },
  {
    "type": "event",
    "name": "ActionExecuted",
    "inputs": [
      {
        "name": "_action",
        "type": "address",
        "indexed": true,
        "internalType": "address"
      },
      {
        "name": "_poolKey",
        "type": "tuple",
        "indexed": false,
        "internalType": "struct PoolKey",
        "components": [
          {
            "name": "currency0",
            "type": "address",
            "internalType": "Currency"
          },
          {
            "name": "currency1",
            "type": "address",
            "internalType": "Currency"
          },
          {
            "name": "fee",
            "type": "uint24",
            "internalType": "uint24"
          },
          {
            "name": "tickSpacing",
            "type": "int24",
            "internalType": "int24"
          },
          {
            "name": "hooks",
            "type": "address",
            "internalType": "contract IHooks"
          }
        ]
      },
      {
        "name": "_data",
        "type": "bytes",
        "indexed": false,
        "internalType": "bytes"
      }
    ],
    "anonymous": false
  },
  {
    "type": "event",
    "name": "Initialized",
    "inputs": [
      {
        "name": "version",
        "type": "uint64",
        "indexed": false,
        "internalType": "uint64"
      }
    ],
    "anonymous": false
  },
  {
    "type": "error",
    "name": "ActionNotApproved",
    "inputs": []
  },
  {
    "type": "error",
    "name": "InvalidInitialization",
    "inputs": []
  },
  {
    "type": "error",
    "name": "NotInitializing",
    "inputs": []
  },
  {
    "type": "error",
    "name": "Reentrancy",
    "inputs": []
  },
  {
    "type": "error",
    "name": "Unauthorized",
    "inputs": []
  }
]
