[
  {
    "type": "function",
    "name": "determineSwapFee",
    "inputs": [
      {
        "name": "",
        "type": "tuple",
        "internalType": "struct PoolKey",
        "components": [
          {
            "name": "currency0",
            "type": "address",
            "internalType": "Currency"
          },
          {
            "name": "currency1",
            "type": "address",
            "internalType": "Currency"
          },
          {
            "name": "fee",
            "type": "uint24",
            "internalType": "uint24"
          },
          {
            "name": "tickSpacing",
            "type": "int24",
            "internalType": "int24"
          },
          {
            "name": "hooks",
            "type": "address",
            "internalType": "contract IHooks"
          }
        ]
      },
      {
        "name": "",
        "type": "tuple",
        "internalType": "struct IPoolManager.SwapParams",
        "components": [
          {
            "name": "zeroForOne",
            "type": "bool",
            "internalType": "bool"
          },
          {
            "name": "amountSpecified",
            "type": "int256",
            "internalType": "int256"
          },
          {
            "name": "sqrtPriceLimitX96",
            "type": "uint160",
            "internalType": "uint160"
          }
        ]
      },
      {
        "name": "",
        "type": "uint24",
        "internalType": "uint24"
      }
    ],
    "outputs": [
      {
        "name": "",
        "type": "uint24",
        "internalType": "uint24"
      }
    ],
    "stateMutability": "pure"
  },
  {
    "type": "function",
    "name": "setFlaunchParams",
    "inputs": [
      {
        "name": "",
        "type": "bytes32",
        "internalType": "PoolId"
      },
      {
        "name": "",
        "type": "bytes",
        "internalType": "bytes"
      }
    ],
    "outputs": [],
    "stateMutability": "pure"
  },
  {
    "type": "function",
    "name": "trackSwap",
    "inputs": [
      {
        "name": "",
        "type": "address",
        "internalType": "address"
      },
      {
        "name": "",
        "type": "tuple",
        "internalType": "struct PoolKey",
        "components": [
          {
            "name": "currency0",
            "type": "address",
            "internalType": "Currency"
          },
          {
            "name": "currency1",
            "type": "address",
            "internalType": "Currency"
          },
          {
            "name": "fee",
            "type": "uint24",
            "internalType": "uint24"
          },
          {
            "name": "tickSpacing",
            "type": "int24",
            "internalType": "int24"
          },
          {
            "name": "hooks",
            "type": "address",
            "internalType": "contract IHooks"
          }
        ]
      },
      {
        "name": "",
        "type": "tuple",
        "internalType": "struct IPoolManager.SwapParams",
        "components": [
          {
            "name": "zeroForOne",
            "type": "bool",
            "internalType": "bool"
          },
          {
            "name": "amountSpecified",
            "type": "int256",
            "internalType": "int256"
          },
          {
            "name": "sqrtPriceLimitX96",
            "type": "uint160",
            "internalType": "uint160"
          }
        ]
      },
      {
        "name": "",
        "type": "int256",
        "internalType": "BalanceDelta"
      },
      {
        "name": "",
        "type": "bytes",
        "internalType": "bytes"
      }
    ],
    "outputs": [],
    "stateMutability": "pure"
  },
  {
    "type": "error",
    "name": "EnforcedPause",
    "inputs": []
  }
]
