[
  {
    "type": "constructor",
    "inputs": [
      {
        "name": "_nativeToken",
        "type": "address",
        "internalType": "address"
      },
      {
        "name": "_positionManager",
        "type": "address",
        "internalType": "address"
      }
    ],
    "stateMutability": "nonpayable"
  },
  {
    "type": "receive",
    "stateMutability": "payable"
  },
  {
    "type": "function",
    "name": "allocations",
    "inputs": [
      {
        "name": "_user",
        "type": "address",
        "internalType": "address"
      },
      {
        "name": "_token",
        "type": "address",
        "internalType": "address"
      }
    ],
    "outputs": [
      {
        "name": "_amount",
        "type": "uint256",
        "internalType": "uint256"
      }
    ],
    "stateMutability": "view"
  },
  {
    "type": "function",
    "name": "assignTokens",
    "inputs": [
      {
        "name": "_poolId",
        "type": "bytes32",
        "internalType": "PoolId"
      },
      {
        "name": "_user",
        "type": "address",
        "internalType": "address"
      },
      {
        "name": "_token",
        "type": "address",
        "internalType": "address"
      },
      {
        "name": "_amount",
        "type": "uint256",
        "internalType": "uint256"
      }
    ],
    "outputs": [],
    "stateMutability": "nonpayable"
  },
  {
    "type": "function",
    "name": "cancelOwnershipHandover",
    "inputs": [],
    "outputs": [],
    "stateMutability": "payable"
  },
  {
    "type": "function",
    "name": "claimAndSwap",
    "inputs": [
      {
        "name": "_tokens",
        "type": "address[]",
        "internalType": "address[]"
      },
      {
        "name": "_sqrtPriceX96Limits",
        "type": "uint160[]",
        "internalType": "uint160[]"
      },
      {
        "name": "_recipient",
        "type": "address",
        "internalType": "address payable"
      }
    ],
    "outputs": [],
    "stateMutability": "nonpayable"
  },
  {
    "type": "function",
    "name": "claimTokens",
    "inputs": [
      {
        "name": "_tokens",
        "type": "address[]",
        "internalType": "address[]"
      },
      {
        "name": "_recipient",
        "type": "address",
        "internalType": "address payable"
      }
    ],
    "outputs": [],
    "stateMutability": "nonpayable"
  },
  {
    "type": "function",
    "name": "completeOwnershipHandover",
    "inputs": [
      {
        "name": "pendingOwner",
        "type": "address",
        "internalType": "address"
      }
    ],
    "outputs": [],
    "stateMutability": "payable"
  },
  {
    "type": "function",
    "name": "nativeToken",
    "inputs": [],
    "outputs": [
      {
        "name": "",
        "type": "address",
        "internalType": "address"
      }
    ],
    "stateMutability": "view"
  },
  {
    "type": "function",
    "name": "owner",
    "inputs": [],
    "outputs": [
      {
        "name": "result",
        "type": "address",
        "internalType": "address"
      }
    ],
    "stateMutability": "view"
  },
  {
    "type": "function",
    "name": "ownershipHandoverExpiresAt",
    "inputs": [
      {
        "name": "pendingOwner",
        "type": "address",
        "internalType": "address"
      }
    ],
    "outputs": [
      {
        "name": "result",
        "type": "uint256",
        "internalType": "uint256"
      }
    ],
    "stateMutability": "view"
  },
  {
    "type": "function",
    "name": "poolSwap",
    "inputs": [],
    "outputs": [
      {
        "name": "",
        "type": "address",
        "internalType": "contract PoolSwap"
      }
    ],
    "stateMutability": "view"
  },
  {
    "type": "function",
    "name": "positionManager",
    "inputs": [],
    "outputs": [
      {
        "name": "",
        "type": "address",
        "internalType": "address"
      }
    ],
    "stateMutability": "view"
  },
  {
    "type": "function",
    "name": "renounceOwnership",
    "inputs": [],
    "outputs": [],
    "stateMutability": "payable"
  },
  {
    "type": "function",
    "name": "requestOwnershipHandover",
    "inputs": [],
    "outputs": [],
    "stateMutability": "payable"
  },
  {
    "type": "function",
    "name": "setPoolSwap",
    "inputs": [
      {
        "name": "_poolSwap",
        "type": "address",
        "internalType": "address"
      }
    ],
    "outputs": [],
    "stateMutability": "nonpayable"
  },
  {
    "type": "function",
    "name": "transferOwnership",
    "inputs": [
      {
        "name": "newOwner",
        "type": "address",
        "internalType": "address"
      }
    ],
    "outputs": [],
    "stateMutability": "payable"
  },
  {
    "type": "event",
    "name": "OwnershipHandoverCanceled",
    "inputs": [
      {
        "name": "pendingOwner",
        "type": "address",
        "indexed": true,
        "internalType": "address"
      }
    ],
    "anonymous": false
  },
  {
    "type": "event",
    "name": "OwnershipHandoverRequested",
    "inputs": [
      {
        "name": "pendingOwner",
        "type": "address",
        "indexed": true,
        "internalType": "address"
      }
    ],
    "anonymous": false
  },
  {
    "type": "event",
    "name": "OwnershipTransferred",
    "inputs": [
      {
        "name": "oldOwner",
        "type": "address",
        "indexed": true,
        "internalType": "address"
      },
      {
        "name": "newOwner",
        "type": "address",
        "indexed": true,
        "internalType": "address"
      }
    ],
    "anonymous": false
  },
  {
    "type": "event",
    "name": "TokensAssigned",
    "inputs": [
      {
        "name": "_poolId",
        "type": "bytes32",
        "indexed": true,
        "internalType": "PoolId"
      },
      {
        "name": "_user",
        "type": "address",
        "indexed": true,
        "internalType": "address"
      },
      {
        "name": "_token",
        "type": "address",
        "indexed": true,
        "internalType": "address"
      },
      {
        "name": "_amount",
        "type": "uint256",
        "indexed": false,
        "internalType": "uint256"
      }
    ],
    "anonymous": false
  },
  {
    "type": "event",
    "name": "TokensClaimed",
    "inputs": [
      {
        "name": "_user",
        "type": "address",
        "indexed": true,
        "internalType": "address"
      },
      {
        "name": "_recipient",
        "type": "address",
        "indexed": false,
        "internalType": "address"
      },
      {
        "name": "_token",
        "type": "address",
        "indexed": true,
        "internalType": "address"
      },
      {
        "name": "_amount",
        "type": "uint256",
        "indexed": false,
        "internalType": "uint256"
      }
    ],
    "anonymous": false
  },
  {
    "type": "event",
    "name": "TokensSwapped",
    "inputs": [
      {
        "name": "_user",
        "type": "address",
        "indexed": true,
        "internalType": "address"
      },
      {
        "name": "_token",
        "type": "address",
        "indexed": true,
        "internalType": "address"
      },
      {
        "name": "_tokenIn",
        "type": "uint256",
        "indexed": false,
        "internalType": "uint256"
      },
      {
        "name": "_ethOut",
        "type": "uint256",
        "indexed": false,
        "internalType": "uint256"
      }
    ],
    "anonymous": false
  },
  {
    "type": "error",
    "name": "AlreadyInitialized",
    "inputs": []
  },
  {
    "type": "error",
    "name": "MismatchedTokensAndLimits",
    "inputs": []
  },
  {
    "type": "error",
    "name": "NewOwnerIsZeroAddress",
    "inputs": []
  },
  {
    "type": "error",
    "name": "NoHandoverRequest",
    "inputs": []
  },
  {
    "type": "error",
    "name": "Unauthorized",
    "inputs": []
  }
]
